{
  "results": [
    {
      "command": "cat benchmark/large.md > /dev/null",
      "mean": 0.0011721148599999989,
      "stddev": 0.000041671861916245944,
      "median": 0.0011600401599999991,
      "user": 0.00044890000000000023,
      "system": 0.0005595799999999997,
      "min": 0.0011073521599999987,
      "max": 0.0012401021599999988,
      "times": [
        0.0012202691599999993,
        0.0012219771599999989,
        0.0011611021599999987,
        0.0011610611599999995,
        0.0011590191599999988,
        0.0011590191599999988,
        0.0011485601599999988,
        0.0011426861599999993,
        0.0012401021599999988,
        0.0011073521599999987
      ],
      "memory_usage_byte": [
        1867776,
        1867776,
        1867776,
        1933312,
        1933312,
        1933312,
        1933312,
        1933312,
        1933312,
        1933312
      ],
      "exit_codes": [
        0,
        0,
        0,
        0,
        0,
        0,
        0,
        0,
        0,
        0
      ]
    },
    {
      "command": "node omd.js benchmark/large.md > /dev/null",
      "mean": 0.14640829406,
      "stddev": 0.0008342984115944296,
      "median": 0.14613558166,
      "user": 0.17313229999999996,
      "system": 0.017146879999999996,
      "min": 0.14539506016,
      "max": 0.14808168616,
      "times": [
        0.14724226916,
        0.14808168616,
        0.14613497716,
        0.14591497716000001,
        0.14669076916,
        0.14613618616000001,
        0.14539506016,
        0.14590589416,
        0.14699414416,
        0.14558697716
      ],
      "memory_usage_byte": [
        69959680,
        69959680,
        69959680,
        70352896,
        70352896,
        70352896,
        70352896,
        70352896,
        70352896,
        70352896
      ],
      "exit_codes": [
        0,
        0,
        0,
        0,
        0,
        0,
        0,
        0,
        0,
        0
      ]
    }
  ]
}
