{
  "results": [
    {
      "command": "cat benchmark/medium.md > /dev/null",
      "mean": 0.0011555055,
      "stddev": 0.00005789966379954213,
      "median": 0.0011632095999999999,
      "user": 0.00045100000000000034,
      "system": 0.0005427800000000001,
      "min": 0.0010177515999999997,
      "max": 0.0012230846,
      "times": [
        0.0011786266,
        0.0012230846,
        0.0011326266,
        0.0011515426,
        0.0011780846,
        0.0011595845999999997,
        0.0012195845999999999,
        0.0011668346,
        0.0011273345999999996,
        0.0010177515999999997
      ],
      "memory_usage_byte": [
        1867776,
        1867776,
        1867776,
        1867776,
        1867776,
        1867776,
        1867776,
        1867776,
        1867776,
        1867776
      ],
      "exit_codes": [
        0,
        0,
        0,
        0,
        0,
        0,
        0,
        0,
        0,
        0
      ]
    },
    {
      "command": "node omd.js benchmark/medium.md > /dev/null",
      "mean": 0.13991058490000002,
      "stddev": 0.0009295892124987279,
      "median": 0.1398279601,
      "user": 0.1572096,
      "system": 0.016540579999999996,
      "min": 0.1389239596,
      "max": 0.1415410436,
      "times": [
        0.1400166686,
        0.1404525856,
        0.1389239596,
        0.1390254596,
        0.1410804596,
        0.13894608460000002,
        0.1402997936,
        0.1415410436,
        0.13963925160000001,
        0.1391805426
      ],
      "memory_usage_byte": [
        68632576,
        68747264,
        68747264,
        68747264,
        68747264,
        68747264,
        68747264,
        68747264,
        68747264,
        68747264
      ],
      "exit_codes": [
        0,
        0,
        0,
        0,
        0,
        0,
        0,
        0,
        0,
        0
      ]
    }
  ]
}
