{
  "results": [
    {
      "command": "cat benchmark/small.md > /dev/null",
      "mean": 0.0006812350599999989,
      "stddev": 0.000023852302880900564,
      "median": 0.0006753560599999987,
      "user": 0.00024243999999999994,
      "system": 0.00036241999999999964,
      "min": 0.0006475225599999993,
      "max": 0.0007261895599999985,
      "times": [
        0.0007261895599999985,
        0.000680605559999999,
        0.0006475225599999993,
        0.0006771475599999985,
        0.0006735645599999988,
        0.0006679805599999985,
        0.0006661895599999993,
        0.0006628145599999985,
        0.0007049805599999991,
        0.0007053555599999986
      ],
      "memory_usage_byte": [
        1867776,
        1867776,
        1867776,
        1867776,
        1867776,
        1867776,
        1867776,
        1867776,
        1867776,
        1867776
      ],
      "exit_codes": [
        0,
        0,
        0,
        0,
        0,
        0,
        0,
        0,
        0,
        0
      ]
    },
    {
      "command": "node omd.js benchmark/small.md > /dev/null",
      "mean": 0.13505081016,
      "stddev": 0.00048496052480501313,
      "median": 0.13495373106,
      "user": 0.14900113999999998,
      "system": 0.015828420000000003,
      "min": 0.13425285556,
      "max": 0.13574214756,
      "times": [
        0.13510914756,
        0.13425285556,
        0.13448689756,
        0.13487223156,
        0.13494923156,
        0.13552235656,
        0.13574214756,
        0.13495823056,
        0.13493623056,
        0.13567877256
      ],
      "memory_usage_byte": [
        67305472,
        67305472,
        67305472,
        67354624,
        67420160,
        67420160,
        67420160,
        67420160,
        67420160,
        67420160
      ],
      "exit_codes": [
        0,
        0,
        0,
        0,
        0,
        0,
        0,
        0,
        0,
        0
      ]
    }
  ]
}
