{
  "results": [
    {
      "command": "cat benchmark/huge.md > /dev/null",
      "mean": 0.0012184573800000003,
      "stddev": 0.000028089728379882117,
      "median": 0.0012161031800000002,
      "user": 0.00046169999999999995,
      "system": 0.0005759199999999997,
      "min": 0.0011672286800000005,
      "max": 0.0012598116799999999,
      "times": [
        0.0011672286800000005,
        0.0012231026800000005,
        0.0011942696799999999,
        0.0012598116799999999,
        0.00121560268,
        0.0012500616800000005,
        0.0012011026800000002,
        0.0012103536800000003,
        0.0012166036800000004,
        0.0012464366800000004
      ],
      "memory_usage_byte": [
        1867776,
        1867776,
        1867776,
        1867776,
        1867776,
        1867776,
        1867776,
        1867776,
        1867776,
        1867776
      ],
      "exit_codes": [
        0,
        0,
        0,
        0,
        0,
        0,
        0,
        0,
        0,
        0
      ]
    },
    {
      "command": "node omd.js benchmark/huge.md > /dev/null",
      "mean": 0.15634680748000002,
      "stddev": 0.0009268515864390761,
      "median": 0.15638056218000002,
      "user": 0.2007608,
      "system": 0.018365019999999996,
      "min": 0.15488914468,
      "max": 0.15798514468000002,
      "times": [
        0.15641547868,
        0.15798514468000002,
        0.15702543668000002,
        0.15488914468,
        0.15519768668,
        0.15634564568,
        0.15646772768,
        0.15716697868,
        0.15629660368,
        0.15567822768
      ],
      "memory_usage_byte": [
        78053376,
        78053376,
        78053376,
        78053376,
        78053376,
        78151680,
        78151680,
        78151680,
        78151680,
        78151680
      ],
      "exit_codes": [
        0,
        0,
        0,
        0,
        0,
        0,
        0,
        0,
        0,
        0
      ]
    }
  ]
}
